demos/demo-playwright-c-sharp	demo-playwright-c-sharp
demos/demo-playwright-c-sharp-for-google-maps	demo-playwright-c-sharp-for-google-maps
demos/demo-playwright-c-sharp-for-google-search	demo-playwright-c-sharp-for-google-search
demos/demo-playwright-c-sharp-for-nhs-wales	demo-playwright-c-sharp-for-nhs-wales
demos/demo-playwright-elixir	demo-playwright-elixir
demos/demo-playwright-go	demo-playwright-go
demos/demo-playwright-java	demo-playwright-java
demos/demo-playwright-java-for-google-maps	demo-playwright-java-for-google-maps
demos/demo-playwright-java-for-google-search	demo-playwright-java-for-google-search
demos/demo-playwright-java-for-nhs-wales	demo-playwright-java-for-nhs-wales
demos/demo-playwright-javascript	demo-playwright-javascript
demos/demo-playwright-javascript-for-google-maps	demo-playwright-javascript-for-google-maps
demos/demo-playwright-javascript-for-google-search	demo-playwright-javascript-for-google-search
demos/demo-playwright-javascript-for-nhs-wales	demo-playwright-javascript-for-nhs-wales
demos/demo-playwright-kotlin	demo-playwright-kotlin
demos/demo-playwright-python	demo-playwright-python
demos/demo-playwright-python-for-google-maps	demo-playwright-python-for-google-maps
demos/demo-playwright-python-for-google-search	demo-playwright-python-for-google-search
demos/demo-playwright-python-for-nhs-wales	demo-playwright-python-for-nhs-wales
demos/demo-playwright-rust	demo-playwright-rust
demos/demo-playwright-rust-for-google-maps	demo-playwright-rust-for-google-maps
demos/demo-playwright-rust-for-google-search	demo-playwright-rust-for-google-search
demos/demo-playwright-rust-for-nhs-wales	demo-playwright-rust-for-nhs-wales
demos/demo-playwright-typescript	demo-playwright-typescript
demos/demo-playwright-typescript-for-google-maps	demo-playwright-typescript-for-google-maps
demos/demo-playwright-typescript-for-google-search	demo-playwright-typescript-for-google-search
demos/demo-playwright-typescript-for-nhs-wales	demo-playwright-typescript-for-nhs-wales
demos/demo-selenium-c-sharp	demo-selenium-c-sharp
demos/demo-selenium-c-sharp-for-google-maps	demo-selenium-c-sharp-for-google-maps
demos/demo-selenium-c-sharp-for-google-search	demo-selenium-c-sharp-for-google-search
demos/demo-selenium-c-sharp-for-nhs-wales	demo-selenium-c-sharp-for-nhs-wales
demos/demo-selenium-elixir	demo-selenium-elixir
demos/demo-selenium-go	demo-selenium-go
demos/demo-selenium-java	demo-selenium-java
demos/demo-selenium-java-for-google-maps	demo-selenium-java-for-google-maps
demos/demo-selenium-java-for-google-search	demo-selenium-java-for-google-search
demos/demo-selenium-java-for-nhs-wales	demo-selenium-java-for-nhs-wales
demos/demo-selenium-javascript	demo-selenium-javascript
demos/demo-selenium-javascript-for-google-maps	demo-selenium-javascript-for-google-maps
demos/demo-selenium-javascript-for-google-search	demo-selenium-javascript-for-google-search
demos/demo-selenium-javascript-for-nhs-wales	demo-selenium-javascript-for-nhs-wales
demos/demo-selenium-kotlin	demo-selenium-kotlin
demos/demo-selenium-python	demo-selenium-python
demos/demo-selenium-python-for-google-maps	demo-selenium-python-for-google-maps
demos/demo-selenium-python-for-google-search	demo-selenium-python-for-google-search
demos/demo-selenium-python-for-nhs-wales	demo-selenium-python-for-nhs-wales
demos/demo-selenium-rust	demo-selenium-rust
demos/demo-selenium-rust-for-google-maps	demo-selenium-rust-for-google-maps
demos/demo-selenium-rust-for-google-search	demo-selenium-rust-for-google-search
demos/demo-selenium-rust-for-nhs-wales	demo-selenium-rust-for-nhs-wales
demos/demo-selenium-typescript	demo-selenium-typescript
demos/demo-selenium-typescript-for-google-maps	demo-selenium-typescript-for-google-maps
demos/demo-selenium-typescript-for-google-search	demo-selenium-typescript-for-google-search
demos/demo-selenium-typescript-for-nhs-wales	demo-selenium-typescript-for-nhs-wales
sites/testingexamples.github.io	testingexamples.github.io
